,gender,varying
Aaron F. Bobick,M,1
Achim G. Hoffmann,M,1
Ada Wai-Chee Fu,F,2
Adam Field,M,1
Adam Huang,M,1
Adam Kowalczyk,M,1
Adam Moore,M,1
Adnan Darwiche,M,1
Adrian Santoso,M,1
Adrien Bartoli,M,1
Agostino Dovier,M,1
Ahmed K. Elmagarmid,M,1
Ahmed M. Elgammal,M,1
Alaa R. Alameldeen,M,1
Alaa Youssef,M,1
Alain Dutech,M,1
Alain Désilets,M,1
Alain Trouvé,M,1
Alan Borning,M,1
Alan C. Schultz,M,1
Alan Hopkins,M,1
Alan M. Frisch,M,1
Alan S. Wagner,M,1
Alan S. Willsky,M,2
Alan T. Murray,M,1
Alberto Finzi,M,1
Alberto H. F. Laender,M,1
Alberto Negro,M,1
Alberto O. Mendelzon,M,1
Alberto Suárez 0001,M,1
Albrecht Schmidt 0002,M,1
Aldo Gangemi,M,1
Aleksandar Lazarevic,M,1
Aleksander Kolcz,M,1
Aleksandr Voskoboynik,M,1
Alessandro Bissacco,M,1
Alessandro Chiuso,M,1
Alessandro Cimatti,M,1
Alessandro Moschitti,M,1
Alessandro Oltramari,M,1
Alessandro Saffiotti,M,1
Alessandro Serra,M,1
Alessandro Sperduti,M,1
Alessio Massaro,M,1
Alex Alves Freitas,M,1
Alex Pentland,M,1
Alex Rav-Acha,M,1
Alex Safonov,M,1
Alex Tyrrell,M,1
Alexander Bachlechner,M,1
Alexander C. Loui,M,1
Alexander G. Hauptmann,M,1
Alexander Maedche,M,3
Alexander Markowetz,M,1
Alexander Norbash,M,1
Alexandre Delteil,M,1
Alexandre Termier,M,1
Alexandros Kalousis,M,2
Alexandros Labrinidis,M,1
Alexandros Nanopoulos,M,2
Alexey Zalesny,M,1
Alexia Prskawetz,F,1
Alfons Kemper,M,3
Alfred M. Bruckstein,M,2
Alice X. Zheng,F,2
Alin Dobra,M,1
Alina Beygelzimer,F,1
Alistair Moffat,M,2
Allan Borodin,M,1
Allan D. Jepson,M,1
Allen Brown,M,1
Allison L. Powell,F,1
Alok N. Choudhary,M,1
Alon Efrat,M,1
Alon Y. Halevy,M,4
Alvaro Barreiro,M,1
Alvaro del Val,M,1
Amanda Clare,F,1
Amanda Stent,F,1
Amedea Ambrosetti,F,1
Amir Averbuch,M,1
Amir Jafari,M,1
Amir M. Zarkesh,M,1
Amir Netz,M,1
Amit Anil Nanavati,M,1
Amit Ganesh,M,1
Amit Singhal 0001,M,1
Amit Somani,M,1
Amnon Krupnik,M,1
Amnon Lotem,M,2
Amnon Shashua,M,2
Amos Y. Johnson,M,1
Amr El Abbadi,M,2
Amy Greenwald,F,1
Amy McGovern,F,1
Amélie Marian,F,1
Anand Rajaraman,M,1
Anand Rangarajan 0001,M,1
Anand Sivasubramaniam,M,2
Anastassia Ailamaki,F,1
Anat Levin,F,2
Anders Heyden,M,3
Anders Holst,M,1
Andrea Fusiello,F,1
Andrea L. Bertozzi,F,1
Andrea Prati 0001,F,1
Andrea Selinger,F,1
Andrea Torsello,F,1
Andreas Abecker,M,1
Andreas F. Koschan,M,1
Andreas Geyer-Schulz,M,1
Andreas Girgensohn,M,1
Andreas Gärtner,M,1
Andreas Henrich,M,1
Andreas Herzig,M,1
Andreas Hotho,M,1
Andreas Koeller,M,1
Andreas Müller,M,1
Andreas Paepcke,M,1
Andreas Turina,M,1
Andrei A. Krokhin,M,1
Andrew G. Barto,M,3
Andrew Garland,M,1
Andrew Gilpin,M,1
Andrew J. Davison,M,2
Andrew Lim 0001,M,1
Andrew McCallum,M,2
Andrew Tomkins,M,1
Andrew Turpin,M,2
Andrew W. Moore 0001,M,3
Andrew Witkowski,M,1
Andrew Y. Ng,M,2
Andrew Zisserman,M,1
Andrzej Szalas,M,1
André van Hameren,M,1
Andy Tsai,M,1
Angela Bonifati,F,2
Anil K. Jain 0001,M,3
Anil Sewani,M,1
Ann E. Nicholson,F,1
Ann Nowé,F,1
Anna C. Gilbert,F,1
Anna Goy,F,1
Anna M. Manning,F,1
Anne H. H. Ngu,F,1
Anni Coden,F,1
Anthony J. Yezzi,M,2
Anthony Jameson,M,1
Anthony K. H. Tung,M,2
Antonio De Santis,M,1
Antonio Robles-Kelly,M,2
Antonis A. Argyros,M,1
Antonis C. Kakas,M,1
Antony Unwin,M,1
Antti Tammela,M,1
Apostol Natsev,M,1
Ari Heinonen,M,1
Ari Kahn,M,1
Ariel Tankus,M,1
Aristides Gionis,M,1
Armando Tacchella,M,1
Armin B. Cremers,M,1
Arnaldo J. Abrantes,M,1
Arno J. Knobbe,M,1
Arno Schödl,M,1
Arno Siebes,M,1
Arnold L. Rosenberg,M,1
Arnold W. M. Smeulders,M,1
Arnon Amir,M,2
Art Kaufmann,M,1
Arthur T. Whitney,M,1
Artur Bykowski,M,1
Arun Iyengar,M,1
Arun K. Majumdar,M,1
Arun Vachher,M,1
Asaf Adi,M,1
Ashley Eden,F,1
Ashok Joshi,M,1
Ashok K. Goel 0001,M,1
Ashraf Aboulnaga,M,1
Ashutosh Garg,M,1
Asi Elad (Elbaz),M,1
Asim Razzaq,M,1
Assaf Schuster,M,1
Assaf Zomet,M,1
Asunción Gómez-Pérez,F,1
Ata Kabán,M,1
Atsushi Fujii,M,1
Attilio Giordana,M,1
Audrey M. Tam,F,1
Avi Arampatzis,M,1
Aya Soffer,F,3
Aymeric Perchant,M,1
Aynur A. Dayanik,F,1
Banu Özden,F,1
Bart Goethals,M,1
Bart Selman,M,1
Bastian Leibe,M,1
Behzad Mortazavi-Asl,M,1
Behzad Shahraray,M,1
Ben Gum,M,1
Ben Kao,M,2
Ben Walter,M,1
Benjamin Kuipers,M,1
Benjamin Nguyen,M,1
Benjamin Taskar,M,3
Benjamin Van Roy,M,1
Berardina De Carolis,F,1
Bernd Fischer 0003,M,1
Bernd Heisele,M,1
Bernd Meyer 0001,M,1
Bernhard Braunmüller,M,1
Bernhard Pfahringer,M,1
Bernhard Schölkopf,M,1
Bernhard Seeger,M,3
Bernhard Zeller,M,1
Bernt Schiele,M,1
Berry de Bruijn,M,1
Bert Van Nuffelen,M,1
Bert Van der Linden,M,1
Bertram Ludäscher,M,1
Beverly Yang,F,1
Bharat Chandra,M,1
Bharat Kumar,M,2
Bhavani Raskutti,F,1
Bianca Zadrozny,F,1
Bill Triggs,M,1
Bin Lan,M,1
Bin Luo 0001,M,1
Bing Liu 0001,M,5
Binyamin Rosenfeld,M,1
Björn Blohsfeld,M,1
Bob Price,M,1
Bogdan Matei,M,1
Bogdan Stanescu,M,1
Brahim Medjahed,M,1
Branko Kavsek,M,1
Brendan J. Frey,M,1
Brenno Lurati,M,1
Brett J. Doleman,M,1
Brian C. Williams,M,2
Brian Curless,M,1
Brian F. Cooper,M,1
Brian Milch,M,1
Brian Sterling,M,1
Brian Vickery,M,1
Bruce A. Draper,M,1
Bruce A. Shapiro,M,1
Bruce Blumberg,M,2
Bruce G. Lindsay 0001,M,1
Bruce Gordon,M,1
Bruce Hillyer,M,1
Bruno Codenotti,M,1
Bryan Nelson,M,1
Bryan S. Morse,M,1
Bryan Singer,M,1
Byron Dom,M,1
Bärbel Ripplinger,F,1
Caetano Traina Jr.,M,2
Calisto Zuzarte,M,1
Camillo Gentile,M,1
Camillo J. Taylor,M,1
Carl Lagoze,M,1
Carla P. Gomes,F,1
Carlo Tomasi,M,1
Carlo Zaniolo,M,2
Carlos Agra Coelho,M,1
Carlos Castillo 0001,M,1
Carlos Eduardo Mariano,M,1
Carlos Guestrin,M,1
Carlos Ordonez 0001,M,2
Carlotta Domeniconi,F,1
Carmel Domshlak,M,1
Carmen Riedler,F,1
Carole A. Goble,F,3
Catalina Fan,F,1
Catharine M. Wyss,F,1
Catherine Faron-Zucker,F,1
Catherine Pelachaud,F,1
Cemal Yilmaz,M,2
Cen Rao,M,1
Cesar A. Santana,M,1
Cesare Pautasso,M,1
Chandra Kambhamettu,M,1
Chang-Hung Lee,M,1
Chanh Nguyen,M,1
Charles B. Callaway,M,1
Charles Elkan,M,2
Charles K. Nicholas,M,1
Charles L. A. Clarke,M,1
Charles R. Dyer,M,1
Charles Schweizer,M,1
Charles V. Stewart,M,1
Charu C. Aggarwal,F,2
Chen Li 0001,M,1
Chen Sagiv,M,1
Cheng Lu,M,1
Cheng Yang,M,1
Cheng-Ru Lin,M,1
ChengXiang Zhai,M,2
Chi Lap Yip,M,1
Chi-Yuen Ng,F,1
Chong Jin Ong,M,1
Chris A. Johnson 0002,M,1
Chris Buehler,M,1
Chris Clifton,M,1
Chris Folk,M,1
Chris H. Q. Ding,M,1
Chris Olston,M,1
Christer Bäckström,M,1
Christian Böhm,M,1
Christian Decomain,M,1
Christian Hanin,M,1
Christian Hofbauer,M,1
Christian S. Jensen,M,3
Christian Schellewald,M,1
Christian Vogler,M,1
Christian Wiesner,M,1
Christian Wolff 0001,M,1
Christine Alvarado,F,1
Christine Decaestecker,F,1
Christoph Bregler,M,1
Christoph Helma,M,1
Christoph Schnörr,M,1
Christoph von der Malsburg,M,1
Christophe Bobineau,M,1
Christophe Rigotti,M,1
Christophe Samson,M,1
Christophe Vestri,M,1
Christopher Brewster,M,1
Christopher G. Healey,M,1
Christopher Geyer,M,1
Christopher J. Taylor 0001,M,1
Christopher Jeris,M,1
Christopher K. Eveland,M,1
Christopher Meek,M,1
Christopher Tang,M,1
Christos Faloutsos,M,4
Christos Falusos,M,1
Christos Makris,M,1
Chuck Freiwald,M,1
Chun Hung Cheng,M,1
Chun Zhang,M,1
Chung-Sheng Li,M,1
Claire Cardie,F,1
Clare M. Tempany,F,1
Clark F. Olson,M,1
Claudia Diamantini,F,1
Claudia Picardi,F,2
Claudio Masolo,M,1
Clayton Springer,M,1
Clement H. C. Leung,M,1
Clement T. Yu,M,1
Clifford J. Weinstein,M,1
Cláudio T. Silva,M,1
Cody C. T. Kwok,M,1
Cordelia Schmid,F,1
Corin R. Anderson,M,1
Cornelia Fermüller,F,1
Craig A. Knoblock,M,2
Craig Boutilier,M,2
Craig D. Stewart,M,1
Craig E. Wills,M,1
Craig J. Bunker,M,1
Craig Saunders,M,1
Cristian Sminchisescu,M,2
Cristina Bedeschi,F,1
Cristina Conati,F,1
Curtis E. Dyreson,M,1
Cynthia Dwork,F,1
Cynthia Roberts,F,1
Cyrus Shahabi,M,2
Céline Robardet,F,1
Dale Schuurmans,M,1
Damian A. Isla,M,1
Damianos Chatziantoniou,M,1
Dan A. Simovici,M,1
Dan Pelleg,M,1
Dan Roth,M,1
Dan Suciu,M,4
Dan Vodislav,M,1
Dan Wineman,M,1
Dana S. Nau,F,2
Daniel Alexander Ford,M,1
Daniel Barbará,M,1
Daniel Berwick,M,1
Daniel C. Zilio,M,1
Daniel D. Morris,M,1
Daniel F. Lieuwen,M,1
Daniel Gillblad,M,1
Daniel Gruhl,M,1
Daniel J. Pack,M,1
Daniel Keren,M,1
Daniel Keysers,M,1
Daniel Le Berre,M,1
Daniel Oblinger,M,1
Daniel P. Dabney,M,1
Daniel R. Dooly,M,1
Daniel S. Weld,M,4
Daniel S. Yeung,M,1
Daniel Schwabe,M,1
Daniela Florescu,F,3
Daniela Grigori,F,1
Daniele Theseider Dupré,F,1
Danny B. Yang,M,1
Danny Roobaert,M,1
Dao Dinh Kha,F,1
Daphna Weinshall,F,1
Daphne Koller,F,7
Dara Koozekanani,F,1
Darren T. Lim,M,1
Daryl Pregibon,M,1
David A. Bell,M,1
David A. Forsyth,M,2
David A. Grossman,M,1
David A. Randell,M,1
David B. Johnson 0003,M,1
David B. Leake,M,1
David B. Lomet,M,2
David Bengali,M,1
David Botzer,M,1
David Buttler,M,1
David C. Gibbon,M,1
David C. Parkes,M,1
David Carmel,M,2
David Choi,M,1
David E. DiFranco,M,1
David E. Losada,M,1
David E. Simmen,M,1
David E. Tyler,M,1
David Gondek,M,1
David Guillamet,M,2
David H. Wolpert,M,1
David Harel,M,1
David Hawking,M,2
David J. DeWitt,M,3
David J. Fleet,M,2
David J. Hand,M,1
David J. Hirvonen,M,1
David J. Kriegman,M,2
David L. Page,M,1
David Levine,M,1
David Li,M,1
David M. Blei,M,1
David M. Hart,M,1
David M. Pennock,M,1
David Maier 0001,M,1
David Maxwell Chickering,M,1
David P. Capel,M,1
David Rieber,M,1
David Salesin,M,1
David Sloan,M,1
David Tschumperlé,M,1
David W. Aha,M,2
David W. Jacobs,M,1
David Wai-Lok Cheung,M,5
David Wilhite,M,1
David Zhang 0001,M,1
Dawn J. Lawrie,F,1
Deb Campbell,F,1
Dee Jay Randall,F,1
Demet Aksoy,F,1
Denis Gingras,M,1
Denis Rinfret,M,1
Denise Draper,F,1
Dennis E. Shasha,M,3
Dennis Nilsson,M,1
Derek Long,M,1
Dewey Tucker,M,1
Diane Kelly 0001,F,1
Diane Lambert,F,1
Dianne Cook,F,1
Dick C. A. Bulterman,M,1
Didier Mousseau,M,1
Diego A. Socolinsky,M,1
Diego Calvanese,M,1
Dieter Fensel,M,1
Dieter Fox,M,1
Dik Lun Lee,M,1
Dimitrios Gunopulos,M,5
Dimitrios Katsaros 0001,M,1
Dimitrios Retalis,M,1
Dimitris Achlioptas,M,1
Dimitris Margaritis 0001,M,1
Dimitris N. Metaxas,M,2
Dimitris Papadias,M,1
Dionysius P. Huijsmans,M,1
Dirk Ormoneit,M,1
Dirk Schulz 0001,M,1
Dirk Van Gucht,M,1
Dmitry Rusakov,M,1
Doina Caragea,F,1
Doina Precup,F,1
Domenico Ursino,M,1
Don Kimber,M,1
Donald E. Brown,M,1
Donald Kossmann,M,4
DongPing Fang,M,1
Dorian Suc,M,1
Dorin Comaniciu,M,1
Doron Cohen,M,1
Douglas Burdick,M,1
Douglas R. Heisterkamp,M,2
Dragoljub Pokrajac,M,1
Dragomir R. Radev,M,1
Du Q. Huynh,M,1
Du Zhang,M,1
Duane Schwartzwald,M,1
Dulce B. Ponceleon,F,1
Dunja Mladenic,F,1
Eamonn J. Keogh,M,2
Edda Leopold,F,1
Edgar Hotz,M,1
Edmond Boyer,M,1
Eduardo F. Morales 0001,M,2
Edward A. Fox,M,1
Edward H. Adelson,M,1
Edward Hunter,M,1
Edward Omiecinski,M,3
Edward Y. Chang,M,2
Edwin M. Knorr,M,1
Edwin P. D. Pednault,M,2
Edwin R. Hancock,M,2
Efstathios Hadjidemetriou,M,1
Ehud Rivlin,M,1
Eibe Frank,M,2
Eike Schallehn,M,1
Eitan Farchi,M,1
Eitan Sharon,M,1
Ela Hunt,F,1
Elena Ferrari,F,1
Elena Popovici,F,1
Elisa Bertino,F,1
Elizabeth A. M. Shriver,F,1
Elizabeth J. O'Neil,F,1
Elizabeth Krawczynska,F,1
Elke A. Rundensteiner,F,2
Ella Bingham,F,2
Elli Angelopoulou,F,1
Elmer Sandvad,M,1
Emiliano Casalicchio,M,1
Emilio Remolina,M,1
Emmanuel Guere,M,1
Endika Bengoetxea,M,1
Enric Plaza,M,2
Enrico Blanzieri,M,1
Enrico Giunchiglia,M,1
Enrico Motta,M,2
Eran Gabber,M,1
Eran Naftali,M,1
Eran Segal,M,1
Erhard Rahm,M,2
Eric A. Hansen,M,1
Eric Bibelnieks,M,1
Eric Bloedorn,M,1
Eric C. C. Tsang,M,1
Eric Chang,M,1
Eric Cohen-Solal,M,1
Eric Mjolsness,M,1
Eric N. Mortensen,M,1
Eric P. Xing,M,1
Eric Simon,M,1
Eric W. Brown 0001,M,1
Erich Müller,M,1
Erik Wilde,M,2
Ernest V. Garcia,M,1
Ernesto Damiani,M,1
Eugen C. Buehler,M,1
Eugene Agichtein,M,2
Eugene Inseok Chong,M,1
Eugene J. Alexander,M,1
Eugene J. Shekita,M,1
Eva Armengol,F,1
Evgeniy Gabrilovich,M,1
Eyal Amir,M,1
Eytan Ruppin,M,1
Fabien Feschet,M,1
Fabio Aiolli,M,1
Fabio Casati,M,2
Fabio Ciravegna,M,1
Fabricio de B. Voznika,M,1
Fanny Wattez,F,1
Fateh Tipu,M,1
Fatima Al-Garawi,F,1
Fei Xia,M,1
Felipe Cariño,M,1
Felix Cheung,M,1
Feng Zhao 0001,M,1
Fernando C. N. Pereira,M,1
Fernando De la Torre,M,1
Filippo Menczer,M,1
Finn Årup Nielsen,M,1
Fiora Pirri,F,1
Fiorella de Rosis,F,1
Flip Korn,M,3
Florian Krebs,M,1
Florian Waas,M,1
Floriana Esposito,F,1
Floris Geerts,M,1
Fosca Giannotti,F,1
Foster J. Provost,M,2
Foto N. Afrati,M,1
Francesc Esteva,M,1
Francesca Rossi,F,1
Francesco C. Billari,M,1
Francesco Scarcello,M,1
Francine Chen 0001,F,1
Francis Y. L. Chin,M,1
Francisco Pereira,M,1
Franciska de Jong,F,1
Franco Turini,M,1
Frank C. H. Tong,M,1
Frank Cornelissen,M,1
Frank Kargl,M,1
Frank Neven,M,1
Frank P. Ferrie,M,1
Frank Ramsak,M,1
Frank Wittig,M,1
Frank van Harmelen,M,1
Frans Coenen,M,1
Franz Baader,M,1
François Charpillet,M,1
François Chaumette,M,1
François Llirbat,M,2
François Velin,M,1
Françoise Fabret,F,3
Freddy Y. C. Mang,M,1
Frederic Devernay,M,1
Fredric C. Gey,M,1
Fredrik Kahl,M,1
Fredrik Linåker,M,1
Frédéric Benhamou,M,1
Frédéric Jurie,M,1
Frédéric Moal,M,1
Fu Tong,M,1
Fumihiro Kato,M,2
Gabriel M. Kuper,M,1
Gabriella Kazai,F,1
Gadi Wolfman,M,1
Gail Mitchell,F,1
Gal Ashour,M,1
Gang Li 0009,M,1
Gang Lin,M,1
Gareth O. Roberts,M,1
Gary Marsden,M,1
Gary R. Bradski,M,1
Gautam Das 0001,M,2
Gautam Pant,M,1
Gautam Shanbhag,M,1
Gayatri Sathe,F,1
Geoff Hulten,M,2
Geoffrey Holmes 0001,M,1
Geoffrey I. Webb,M,1
Geoffrey Zweig,M,1
Georg Gottlob,M,3
Georg Lausen,M,1
George A. Mihaila,M,2
George Buchanan,M,1
George K. Kokkinakis,M,1
George Karypis,M,4
George Kollios,M,1
George Samaras,M,1
Gerald Pfeifer,M,1
Gerald Schaefer,M,1
Gerald Sommer,M,1
Gerald Tesauro,M,1
Gerardo Hermosillo,M,1
Gerd Stumme,M,1
Gerhard Heyer,M,1
Gerhard Lakemeyer,M,1
Gerhard Paass,M,1
Gerhard Schuster,M,1
Gerhard Weikum,M,1
Gheorghe Tecuci,M,1
Gianfranco Doretto,M,1
Giedrius Slivinskas,M,1
Gill Bejerano,F,1
Gilles Aubert,M,1
Gillian Dobbie,F,1
Giorgio Terracina,M,1
Giovanna Petrone,F,1
Giovanni A. Modica,M,1
Giovanni Pacifici,M,1
Giovanni Semeraro,M,1
Gita Sukthankar,F,1
Giuliana Sabbatini,F,1
Giuseppe Carenini,M,2
Giuseppe De Giacomo,M,1
Giuseppe Manco 0001,M,1
Giuseppe Santucci,M,1
Giuseppe Sindoni,M,1
Gopal Mulagund,M,1
Gordon V. Cormack,M,1
Grace Zhang,F,1
Graham D. Finlayson,M,1
Graham Goulbourne,M,1
Graham J. Williams,M,2
Greg Hamerly,M,1
Greg J. Badros,M,1
Greg Mori,M,1
Gregory Cobena,M,2
Gregory Dudek,M,1
Gregory Piatetsky-Shapiro,M,2
Gregory Shakhnarovich,M,2
Gregory Z. Grudic,M,1
Grzegorz Czajkowski,M,1
Guang Jiang,M,1
Guido Gerig,M,1
Guillaume Dugas-Phocion,M,1
Guillermo Sapiro,M,1
Guillermo Sánchez-Díaz,M,1
Gunter Saake,M,1
Gustavo Alonso,M,1
Gustavo Rossi,M,1
Guy Lebanon,M,1
Guy M. Lohman,M,4
Gísli R. Hjaltason,M,1
Gösta Grahne,M,1
Günter Hetzel,M,1
Hai H. Wang,M,1
Hai Tao,M,1
Hakan Ferhatosmanoglu,M,1
Hamid Pirahesh,M,2
Hang Li,M,1
Hank Hoek,M,1
Hanna Pasula,F,1
Hannu Toivonen,M,2
Hans Tompits,M,1
Hao Huang,M,1
Hao Shang,M,1
Harald Kosch,M,1
Harold W. Thimbleby,M,1
Harpreet S. Sawhney,M,2
Harris Drucker,M,1
Harris Papageorgiou,M,1
Harry Bruce,M,1
Harry Shum,M,1
Harumi A. Kuno,F,1
Hasan M. Jamil,M,2
Hassan Aït-Kaci,M,1
Hector Garcia-Molina,M,2
Heike Hofmann,F,1
Heikki Mannila,M,6
Heiner Stuckenschmidt,M,1
Heinrich Niemann,M,1
Helder Araújo,M,1
Helen Pinto,F,2
Helena Galhardas,F,1
Helene Fowkes,F,1
Helge J. Ritter,M,1
Hendrik Blockeel,M,3
Henk Ernst Blok,M,2
Henk M. Blanken,M,1
Henner Graubitz,M,1
Henri Briand,M,1
Henrik Boström,M,1
Henrik Grosskreutz,M,1
Henrik Jacobsson,M,1
Henrik Malm,M,1
Henrik Nottelmann,M,1
Henrique Paques,M,1
Henry A. Kautz,M,1
Henry Chiu,M,1
Henry Haining Zhang,M,1
Henry Tirri,M,1
Herman L. Ferrá,M,1
Hermann Ney,M,1
Hichem Frigui,M,1
Hideaki Takeda 0001,M,1
Hiroaki Kitano,M,1
Hiroaki Ueda,M,1
Hiroshi G. Okuno,M,1
Hiroshi Kawasaki,M,1
Hiroshi Mizoguchi,M,1
Hiroshi Motoda,M,2
Hiroshi Shimodaira,M,1
Hiroyuki Kitagawa,M,1
Holger H. Hoos,M,1
Holger Wache,M,1
Hong Hua,M,1
Hong Qi,M,1
Hong Shen 0001,M,1
Hong Shen 0003,M,1
Hong Su,M,1
Hong Wang,M,1
HongJiang Zhang,M,7
Horacio Rodríguez,M,1
Horst D. Simon,M,1
Horst W. Haussecker,M,1
Howard J. Hamilton,M,1
Howard L. Tanenbaum,M,1
Hua Liu,M,1
Huan Liu,M,1
Huan Liu 0001,M,1
Hui Wang 0001,M,1
Huma Lodhi,F,1
Hussein Suleman,M,1
Hynek Bakstein,M,1
Héctor Muñoz-Avila,M,3
Iain A. Matthews,M,1
Ian D. Reid 0001,M,1
Ian H. Witten,M,1
Ian Horrocks,M,3
Ian Ruthven,M,1
Ian Soboroff,M,1
Ian Tian Yi Li,M,2
Ido Dagan,M,1
Igor Kononenko 0001,M,1
Igor Tatarinov,M,1
Igor V. Cadez,M,1
Ilaria Bartolini,F,1
Ilia Nouretdinov,M,2
Ilya Blayvas,M,1
Imari Sato,F,1
Ioana Manolescu,F,1
Ioana Stanoi,F,1
Iosif Lazaridis,M,1
Ira Cohen,F,1
Irfan A. Essa,M,1
Irina Rish,F,1
Irwin King,M,1
Irène Grosclaude,F,1
Isabella Poggi,F,1
Isabelle Bloch,F,1
Ismail Haritaoglu,M,1
Ivan Bratko,M,1
Ivan Oprencak,M,1
Ivana Mikic,F,2
Ivo Düntsch,M,1
Jacco van Ossenbruggen,M,1
Jacek Jarmulak,M,1
Jack G. Conrad,M,1
Jacob Eisenstein,M,1
Jacob Goldberger,M,1
Jacques Bride,M,1
Jafar Adibi,M,2
James A. Landay,M,1
James Allan,M,1
James C. French,M,1
James C. Lester,M,1
James E. Hanson,M,1
James F. Lutsko,M,1
James Gips,M,1
James H. Elder,M,1
James H. Kaufman,M,1
James M. Rehg,M,1
James N. K. Liu,M,2
James P. Callan,M,3
James Reich,M,1
James T. Kwok,M,1
James W. Cooper,M,1
Jan Pieper,M,2
Jan Ramon,M,1
Jan Struyf,M,1
Jan Van den Bussche,M,1
Jane Hunter,F,1
Jane You,F,1
Janet L. Wiener,F,1
Jared Jackson,M,1
Jarek Gryz,M,1
Jason A. Lyman,M,1
Jason I. Hong,M,1
Jason Sankey,M,1
Jason Y. Zien,M,1
Javed A. Aslam,M,2
Jean Hou,M,1
Jean Oh,M,1
Jean Ponce,M,2
Jeannette M. de Graaf,F,1
Jeen Broekstra,M,1
Jef Wijsen,M,1
Jeff Bernhardt,M,1
Jeff L. Stimpson,M,1
Jeff Pavel,M,1
Jeff Strickrott,M,1
Jeffrey D. Ullman,M,2
Jeffrey F. Naughton,M,3
Jeffrey Ho,M,1
Jeffrey O. Kephart,M,1
Jeffrey S. Rosenthal,M,1
Jeffrey Scott Vitter,M,1
Jeffrey T. Martin,M,1
Jeffrey Xu Yu,M,1
Jennifer Widom,F,2
Jenny Edwards,F,1
Jens Keuchel,M,1
Jeremy Kubica,M,1
Jeroen J. W. Witteman,M,1
Jerry Kiernan,M,1
Jerry L. Prince,M,2
Ji Zhang,M,1
Jian Pei,M,4
Jian Tang 0001,M,1
Jian Yin 0002,M,1
Jian Zhang,M,1
Jian Zheng,M,1
Jian-Yun Nie,M,3
Jiang Gao,M,1
Jie Yang 0001,M,1
Jie Yang 0002,M,1
Jie Zhou 0001,M,1
Jim Davies,M,1
Jim Gray 0001,M,1
Jin Hyun Son,F,1
Jin Shi,F,1
Jin Song Dong,F,1
Jing Huang 0019,M,1
Jing Liu,M,1
Jing Peng,M,2
Jing Sun 0002,M,1
Jiong Yang,M,3
Joachim M. Buhmann,M,3
Joakim Cöster,M,1
Joan Lasenby,F,1
Joan S. Ash,F,1
Joann Ruvolo,F,1
Joanna Golebiowska,F,1
Joaquim Ferreira da Silva,M,1
Jochen Van den Bercken,M,2
Joe Carthy,M,1
Joe Ng,M,1
Joel D. Martin,M,1
Joel L. Wolf,M,1
Johan Himberg,M,1
Johan Parent,M,1
Johanna D. Moore,F,1
Johanna Tikanmäki,F,1
Johannes Fürnkranz,M,1
Johannes Gehrke,M,3
Johannes Klein,M,1
John A. Keane,M,1
John A. Tomlin,M,2
John C. Shafer,M,1
John Chen,M,1
John D. Garofalakis,M,1
John D. Lafferty,M,3
John Domingue,M,2
John E. Funderburk,M,1
John G. Burgess,M,1
John Golden,M,1
John Griffith,M,1
John K. Slaney,M,1
John Langford 0001,M,1
John M. Prager,M,1
John MacIntyre,M,1
John R. Punin,M,1
John R. Smith,M,1
John R. Spletzer,M,1
John Riedl,M,1
John S. Boreczky,M,1
John Shawe-Taylor,M,3
John Tait,M,1
John V. Carlis,M,1
John Wang,M,1
John Wilkes,M,1
John Y. Lin,M,1
John Yen,M,1
Jonas August,M,1
Jonathan Alon,M,1
Jonathan Baxter,M,1
Jonathan D. Becher,M,1
Jonathan Deutscher,M,1
Jonathan Moody,M,1
Jonathan Munson,M,1
Jonathan Robie,M,1
Jonathan Schaeffer,M,1
Joon Ki Paik,M,1
Joost Geurts,M,1
Joost N. Kok,M,1
Joost van de Weijer 0001,M,1
Jordi Vitrià,M,1
Jordi Vivaldi,M,1
Jorge S. Marques,M,2
Josef Kittler,M,1
Josep Maria Garrell i Guiu,M,1
Joseph A. Konstan,M,2
Joseph Bockhorst,M,1
Joseph L. Hellerstein,M,1
Joseph Lee,M,1
Joseph M. Hellerstein,M,2
Joseph Sill,M,1
Joseph Vanderwaart,M,1
Joshua D. Neuheisel,M,1
Joshua Zhexue Huang,M,2
Josiane Zerubia,F,1
Jost Enderle,M,1
José A. Taboada,M,1
José C. Pinheiro,M,1
José Gabriel Pereira Lopes,M,1
José L. Balcázar,M,1
José Luis Ambite,M,2
José M. F. Moura,M,1
José Ruiz-Shulcloper,M,1
Jouni K. Seppänen,M,1
Joy Liu,F,1
Joyce M. W. Lam,F,1
João L. M. Pereira,M,2
João M. Sanches,M,1
João Mexia,M,1
João Pedro Barreto 0001,M,1
Jude W. Shavlik,M,1
Juho Rousu,M,1
Juliana Freire,F,2
Jun Chen,M,1
Jun Rao,M,1
Jun Yang 0001,M,1
Jussi Myllymaki,M,1
Jérôme Lang,M,1
Jérôme Siméon,M,1
Jörg Dahmen,M,1
Jörg Kindermann,M,1
Jörg Meyer 0005,M,1
Jörg Ontrup,M,1
Jörg Sander 0001,M,2
Jörn Maier,M,1
Jørgen Lindskov Knudsen,M,1
Júlio C. Nievola,M,1
Jürgen Krämer,M,1
Ka Kit Hoi,M,1
Kai Großjohann,M,1
Kai She,M,1
Kai Yu 0001,M,1
Kaj Grønbæk,M,1
Kajal T. Claypool,F,1
Kalina Bontcheva,F,1
Kalle Korpiaho,M,1
Kalle Åström,M,1
Kalyan Moy Gupta,M,1
Karam Gouda,M,1
Karen Sparck Jones,F,1
Karl Aberer,M,1
Karsten Winkler,M,1
Kathleen Griffiths,F,1
Katia Kermanidis,F,1
Katia P. Sycara,F,1
Katja Rentto,F,1
Katja Verbeeck,F,1
Katsumi Takahashi,M,1
Katsushi Ikeuchi,M,4
Katsutoshi Hirayama,M,1
Kaushik Chakrabarti,M,1
Kazuhiro Kitagawa,M,2
Kazuhiro Nakadai,M,1
Kazunori Matsumoto,M,1
Kazunori Okada,M,1
Kazuo Goda,M,1
Kazuo Hashimoto,M,1
Ke Wang,M,1
Ke Wang 0001,M,4
Keiichiro Hoashi,M,1
Kelly A. Lyons,F,1
Kenichi Takahashi,M,1
Kenji Yamanishi,M,1
Kenneth A. Ross,M,1
Kenneth J. Laskey,M,1
Kenneth McGarry,M,1
Kevin B. Korb,M,2
Kevin D. Petersen,M,1
Kevin S. McCurley,M,2
Kevin W. Bowyer,M,1
Kevyn Collins-Thompson,M,1
Kfir Ankori,M,1
Khalid Al-Kofahi,M,1
Ki Chan,M,1
Ki Yong Lee,M,1
Kim L. Boyer,F,1
Kim Marriott,F,1
Kirk L. Duffin,M,1
Klaudia Hergula,F,1
Klaus Bernt,M,1
Klaus Elhardt,M,1
Klaus Kreplin,M,1
Klaus R. Dittrich,M,1
Klemens Böhm,M,3
Ko Nishino,M,1
Kobus Barnard,M,1
Koichiro Deguchi,M,1
Koji Tsuda,M,1
Konrad Stocker,M,2
Konstantinos Kalpakis,M,1
Kostas Daniilidis,M,3
Kostas E. Bekris,M,1
Kouhei Tsumoto,M,1
Kris Popat,M,1
Krishna Bharat,M,2
Krishna Prasad Chitrapura,M,1
Krishnamoorthy Sivakumar,M,1
Kristen Grauman,F,1
Kristian Torp,M,1
Kristin J. Dana,F,1
Kristina Toutanova,F,1
Krystian Mikolajczyk,M,1
Kuan Yee,M,1
Kurt Driessens,M,1
Larry H. Matthies,M,1
Larry S. Davis,M,1
Lars Asker,M,1
Lars Schmidt-Thieme,M,1
Lasse Poulsen,M,1
Latha S. Colby,F,1
Laura M. Haas,F,2
Laure Blanc-Féraud,F,1
Laurence Anthony F. Park,F,1
Laurent D. Cohen,M,2
Laurent Daynès,M,1
Laurent Mignet,M,1
Laurent Simon,M,1
Laurent Younes,M,1
Laurie Spencer,F,1
Lawrence B. Wolff,M,1
Lawrence C. Walters,M,1
Lawrence O. Hall,M,2
Le Gruenwald,F,1
Lei Gao,M,1
Lei-Lei Choi,M,1
Len Breslow,M,2
Lennert Sloth,M,1
Leon A. Shklar,M,1
Leonard Brown,M,1
Leonard McMillan,M,1
Leonardo Romero,M,1
Leonardo Tininini,M,1
Leonid Libkin,M,1
Leonid Taycher,M,1
Les Carr,M,1
Lev Finkelstein,M,1
Levien de Braal,M,1
Lex Weaver,M,1
Li Liao,M,1
Li Zhang 0003,M,1
Lie Gu,M,1
Lihi Zelnik-Manor,F,1
Liliana Ardissono,F,1
Lilla Zöllei,F,1
Lillian Lee,F,1
Lily Lee,F,1
Lina Khatib,F,1
Linda C. van der Gaag,F,1
Linda G. Shapiro,F,1
Ling Liu 0001,M,1
Ling-Ling Yan,M,1
Lionel Martin,M,1
Lior Rokach,M,1
Lior Wolf,M,1
Lisa Meeden,F,1
Lise Getoor,F,2
Liu Wenyin,M,1
Lloyd Rutledge,M,1
Lois M. L. Delcambre,F,1
Long Quan,M,2
Lorenza Saitta,F,1
Lorenzo Alvisi,M,1
Lorenzo Torresani,M,1
Loris Penserini,M,1
Lorna Gibson,F,1
Lothar Hermes,M,1
Luc Bouganim,M,2
Luc De Raedt,M,2
Luc Segoufin,M,2
Luc Van Gool,M,3
Luca Console,M,1
Luca Previtali,M,1
Luca Spalazzi,M,1
Luca de Alfaro,M,1
Lucas Bordeaux,M,1
Lucas R. Hope,M,1
Ludger van Elst,M,1
Luigi Palopoli,M,1
Luis Enrique Sucar,M,1
Luis Goncalves,M,1
Luis Gravano,M,5
Luo Si,M,1
Lyle H. Ungar,M,2
Lynda Hardman,F,1
László Böszörményi,M,1
Magda Mourad,F,1
Mahesh Jagannath,M,1
Mahesh V. Joshi,M,2
Mahmut T. Kandemir,M,1
Makoto Sato,M,1
Makoto Yokoo,M,2
Malcolm J. A. Strens,M,1
Malcolm P. Atkinson,M,1
Malik Magdon-Ismail,M,1
Mani Abrol,M,1
Manish Jethwa,M,1
Manolis Maragoudakis,M,1
Manoranjan Dash,M,1
Manuel Calimlim,M,1
Manuela M. Veloso,F,2
Manuele Bicego,M,1
Marc Denecker,M,1
Marc Downie,M,1
Marc Najork,M,1
Marc Sebban,M,1
Marc de Haas,M,1
Marcel Adam Just,M,1
Marcel Dasen,M,1
Marcello Pelillo,M,1
Marcelo Bertalmío,M,1
Marcin Kaszkiel,M,1
Marco Bressan 0001,M,2
Marco Cadoli,M,1
Marco La Cascia,M,1
Marco Pistoia,M,1
Marco Pistore,M,1
Marco Pötke,M,1
Marco Ramoni,M,1
Marco Roveri,M,1
Marco Saerens,M,1
Marcos André Gonçalves,M,1
Margarita Osadchy,F,1
Margit Lang,F,1
Margrit Betke,F,2
Maria A. Teran,F,1
Maria Barra,F,1
Maria Fox,F,1
Maria Halkidi,F,1
Maria Muslea,F,2
Maria Teresa Pazienza,F,1
Maria Vargas-Vera,F,2
Marimuthu Palaniswami,M,1
Marina Meila,F,1
Marino Segnan,M,1
Mario Alberto López,M,1
Mario Marchand,M,1
Mario Paolucci,M,1
Mario Sznaier,M,1
Marios Skounakis,M,1
Marius Pasca,M,1
Mark A. Girolami,M,1
Mark A. Hall,M,2
Mark A. Musen,M,1
Mark Abramson,M,1
Mark Brodie,M,1
Mark Craven,M,1
Mark D. Hill,M,1
Mark E. Stickel,M,1
Mark H. Montague,M,2
Mark K. Goldberg,M,1
Mark Levene,M,1
Mark S. Drew,M,1
Mark Sanderson,M,2
Mark Schwabacher,M,1
Mark Witkowski,M,1
Marko Robnik-Sikonja,M,1
Marko Salmenkivi,M,1
Markos Zaharioudakis,M,1
Markus Hegland,M,1
Markus Junker 0002,M,1
Markus M. Breunig,M,1
Marta Eso,F,1
Martha Stone Palmer,F,1
Martial Hebert,M,1
Martin Ester,M,1
Martin Frank,M,1
Martin Franz,M,1
Martin Gerlach,M,1
Martin H. C. Law,M,1
Martin L. Kersten,M,2
Martin Lefébure,M,1
Martin Läuter,M,1
Martin Schneider 0006,M,1
Martin Strauss 0001,M,1
Martin Styner,M,1
Martin Zinkevich,M,1
Mary F. Fernandez,F,1
Mary Jane Irwin,F,1
Mary Lavelle,F,1
Mary Roth,F,1
Maryann E. Martone,F,1
Masakazu Seno,M,1
Masao Sakauchi,M,2
Masaru Kitsuregawa,M,2
Masashi Toyoda,M,1
Masatoshi Okutomi,M,1
Masatoshi Yoshikawa,M,2
Massimiliano Pontil,M,1
Massimo Narizzano,M,1
Massimo Pagotto,M,1
Massimo Santini 0001,M,1
Mateusz Pietrzyk,M,1
Mathew Weaver,M,1
Matt Jones 0001,M,1
Matteo Golfarelli,M,1
Matthew Brand,M,1
Matthew E. Antone,M,2
Matthew Fuchs,M,1
Matthew Miller,M,1
Matthew R. Glickman,M,1
Matthew Richardson,M,1
Matthew Uyttendaele,M,1
Matthias Ruhl,M,1
Matthias W. Seeger,M,1
Matti Aaltonen,M,1
Matti Kääriäinen,M,1
Maurice Pagnucco,M,1
Maurice Ringer,M,1
Mauricio A. Hernández,M,1
Maurizio Lenzerini,M,1
Maurizio Panti,M,2
Maxime Lhuillier,M,1
Maximillian Jahn,M,1
Maytal Saar-Tsechansky,F,1
Mehmet A. Orgun,M,1
Mehran Sahami,M,1
Mei-Ling Shyu,M,1
Melanie Hilario,F,2
Melissa L. Koudelka,F,1
Men Hin Yan,M,1
Meng Su,M,1
Menzo Windhouwer,M,2
Micha Janssen,M,1
Michael A. Goodrich,M,1
Michael Barg,M,1
Michael Benedikt,M,1
Michael Blow,M,1
Michael Bosse,M,2
Michael C. Burl,M,1
Michael D. Grossberg,M,1
Michael Dahlin,M,2
Michael E. Houle,M,1
Michael Erdmann,M,1
Michael Fink 0001,M,1
Michael Fuller,M,1
Michael Greenwald,M,1
Michael Greiffenhagen,M,1
Michael H. Bowling,M,1
Michael H. Böhlen,M,1
Michael Hahsler,M,1
Michael Herscovici,M,1
Michael I. Jordan,M,2
Michael J. Black,M,1
Michael J. Carey 0001,M,1
Michael J. Donahoo,M,1
Michael J. Franklin,M,4
Michael J. Jones 0001,M,1
Michael J. Pazzani,M,3
Michael K. Ng,M,2
Michael Mlivoncic,M,1
Michael O. Akinde,M,1
Michael P. Oakes,M,1
Michael P. Wellman,M,1
Michael S. Lew,M,3
Michael S. Miller,M,1
Michael Sintek,M,1
Michael Stillger,M,1
Michael Stonebraker,M,1
Michael T. Hallett,M,1
Michael T. Rosenstein,M,1
Michael Weber 0001,M,1
Michael Wieczorek,M,1
Michael Zillich,M,1
Michal Irani,M,1
Michalis Petropoulos,M,1
Michalis Vazirgiannis,M,1
Michel C. A. Klein,M,1
Michel Dhome,M,1
Michel Tourn,M,1
Michele Colajanni,F,1
Michelle J. Hughes,F,1
Michihiro Kuramochi,M,1
Michèle Sebag,F,1
Miguel E. Ruiz,M,1
Mihai Boicu,M,1
Mihai Preda,M,1
Mikael Huss,M,1
Mikhail Mikhailov,M,1
Mikkel Agesen,M,1
Mikko Seppälä,M,1
Milan Petkovic,M,1
Ming Gu 0002,M,1
Ming Hao Xie,M,1
Ming Tan,M,1
Ming Ye,M,1
Ming Zhou,M,1
Mitch Cherniack,M,1
Mitchell A. Potter,M,1
Mitsuru Ishizuka,M,1
Mohamed Ben Hadj Rhouma,M,1
Mohamed F. Mokbel,M,1
Mohamed Ramzy Zakaria,M,1
Mohammad El-Hajj,M,1
Mohammad R. Kolahdouzan,M,1
Mohammed Al-Rawi 0001,M,1
Mohammed Aljlayl,M,1
Mohammed Javeed Zaki,M,2
Mohan M. Trivedi,M,2
Mokhtar Kandil,M,1
Moni Naor,F,2
Monica C. Sleumer,F,1
Monika Rauch Henzinger,F,1
Moshe Shadmon,M,1
Moshe Tennenholtz,M,2
Mounia Lalmas,F,2
Mourad Ouzzani,M,1
Mubarak Shah,M,1
Mukul Joshi,M,1
Murray Shanahan,M,1
Myra Spiliopoulou,F,1
Myron Flickner,M,1
Mário A. T. Figueiredo,M,1
Nada Lavrac,F,1
Nadège Porquet,F,1
Naftali Tishby,M,2
Naohiro Matsumura,M,1
Naoki Fukuta,M,1
Naomi Inoue,F,1
Natalia Perelman,F,1
Natalya Fridman Noy,F,1
Nathalie Pernelle,F,1
Nathan S. Lewis,M,1
Nathan S. Netanyahu,M,1
Neal Rothleder,M,1
Neal Sample,M,1
Neel Master,F,1
Neil D. Lawrence,M,1
Neil Latarche,M,1
Nello Cristianini,M,2
Nemanja Petrovic,M,1
Nicholas C. Makris,M,1
Nicholas J. Belkin,M,1
Nicholas Roy,M,1
Nick Craswell,M,2
Nick Koudas,M,6
Nick Roussopoulos,M,1
Nicola Fanizzi,F,1
Nicola Guarino,F,1
Nicola Leone,F,2
Nicola Muscettola,F,1
Nicola Stokes,F,1
Nicolas Adiba,M,1
Nicolas Anciaux,M,1
Nicolas Bruno,M,1
Nicu Sebe,M,3
Nigel Tao,M,1
Nikos Fakotakis,M,1
Nikos Lourados,M,1
Nimrod Megiddo,M,1
Ning An,M,2
Ning Zhong 0001,M,1
Nir A. Sochen,M,1
Nir Friedman,M,1
Nobuyuki Kita,M,1
Nobuyuki Miura,M,1
Noga Alon,F,1
Norbert Fuhr,M,2
Norberto F. Ezquerra,M,2
Norio Katayama,M,1
Norio Toyama,M,1
Norman W. Paton,M,1
Oana G. Cula,F,1
Octavia I. Camps,F,1
Oded Maimon,M,1
Ohad Ben-Shahar,M,1
Ole Møller Nielsen,M,1
Oliver Haase,M,1
Oliver Kaljuvee,M,1
Oliver Po,M,1
Olivier Buffet,M,1
Olivier Corby,M,1
Olivier D. Faugeras,M,1
Omar Alonso,M,1
Ophir Frieder,M,3
Oren Etzioni,M,1
Oren Souroujon,M,1
Orietta Gargano,F,1
Osamu Watanabe 0001,M,1
Oscar Nestares,M,1
Owen de Kretser,M,1
Pamela C. Cosman,F,1
Panagiotis G. Ipeirotis,M,2
Panagiotis Kappos,M,1
Panayiotis Tsaparas,M,1
Panos K. Chrysanthis,M,2
Panos Kalnis,M,1
Paola Patteri,F,1
Paola Sebastiani,F,1
Paolo Boldi,M,1
Paolo Ciaccia,M,1
Paolo Ferragina,M,1
Paolo Giorgini,M,1
Paolo Massa,M,1
Paolo Merialdo,M,1
Paolo Traverso,M,2
Pascal Van Hentenryck,M,1
Pascale Kuntz,F,1
Pat Langley,M,1
Patrice Latinne,M,1
Patricia Correia Saraiva,F,1
Patrick Baker,M,1
Patrick Bouthemy,M,1
Patrick Cahan,M,1
Patrick Cheung,M,1
Patrick Chiu,M,1
Patrick Doherty 0001,M,1
Patrick E. O'Neil,M,1
Patrick S. Huggins,M,1
Patrick Valduriez,M,2
Paul A. Beardsley,M,1
Paul A. Viola,M,1
Paul Booth,M,1
Paul C. Gardner,M,1
Paul Compton,M,1
Paul H. Leng,M,1
Paul H. Morris,M,2
Paul Levi,M,1
Paul Lu,M,1
Paul N. Gorman,M,1
Paul Ogilvie,M,1
Paul Ostwald,M,1
Paul P. Maglio,M,1
Paul Pavlidis,M,1
Paul S. Bradley,M,2
Paul Schmidt,M,1
Pauliina Koivunen,F,1
Paulo Braz Golgher,M,1
Paulo R. S. Mendonça,M,1
Pavel Berkhin,M,1
Pavel Brazdil,M,1
Pavlos Peppas,M,1
Payam Saisan,M,1
Pedro J. Moreno,M,1
Pedro José Marrón,M,1
Pedro Larrañaga,M,1
Pedro M. Domingos,M,5
Pedro M. Q. Aguiar,M,1
Peer Kröger,M,1
Pekka Kostamaa,M,1
Pekka Uronen,M,1
Peter A. Flach,M,1
Peter Buneman,M,1
Peter C. Cheeseman,M,1
Peter Christen,M,1
Peter Dadam,M,1
Peter F. Sturm,M,1
Peter Gregor,M,1
Peter J. Haas,M,1
Peter Jackson,M,1
Peter Jeavons 0001,M,1
Peter Jonsson,M,1
Peter M. G. Apers,M,2
Peter McIlroy,M,1
Peter Meer,M,2
Peter N. Belhumeur,M,2
Peter Sand,M,1
Peter Stone,M,1
Peter V. Henstock,M,1
Peter W. Eklund,M,1
Petr Hájek 0001,M,1
Petri Myllymäki,M,1
Petteri Sevon,M,1
Phil Kim,M,1
Philip A. Bernstein,M,1
Philip Bohannon,M,1
Philip K. Chan,M,1
Philip Kwok Chung Tse,M,1
Philip S. Yu,M,5
Philip Wadler,M,1
Philippe Martin 0004,M,1
Philippe Pucheral,M,1
Phillip B. Gibbons,M,1
Phuong Nguyen,F,1
Pierangela Samarati,F,1
Pierangelo Veltri,M,1
Piergiorgio Bertoli,M,1
Pierre Marquis,M,3
Pieter H. Hartel,M,1
Pietro Perona,M,2
Pina Ticca,F,1
Pramod K. Singh,M,1
Qi Zhang,M,1
QianSheng Cheng,M,1
Qiang Lin,M,1
Qiang Yang 0001,M,2
Qiong Luo 0001,M,4
Qiu Fengwu,M,1
Quoc Luan Ha,M,1
Rachid Alami,M,1
Rachid Deriche,M,1
Rada Chirkova,F,1
Ragini Choudhury,F,1
Rahul Bhotika,M,1
Rahul Gupta,M,1
Rahul Sukthankar,M,1
Raj Bhatnagar,M,1
Rajeev Motwani 0001,M,1
Rajeev Rastogi,M,1
Rajendra Panwar,M,1
Rakesh Agrawal 0001,M,3
Rakesh Kumar 0001,M,2
Ralf Koetter,M,1
Ralf Küsters,M,2
Ralf Lübeck,M,1
Ralf Molitor,M,1
Ralf Möller 0001,M,1
Ralph M. Weischedel,M,1
Ramana Isukapalli,M,1
Ramesh C. Agarwal,M,3
Ramesh Natarajan,M,2
Ramesh Raskar,M,1
Ramesh Sankaranarayanan,M,1
Ran El-Yaniv,F,3
Ran Wolff,F,1
Rana Molana,F,1
Randal C. Nelson,M,1
Randall Davis,M,1
Raul Trejo,M,1
Ravi Kumar 0001,M,2
Ray Rowe,M,1
Raymond J. Mooney,M,1
Raymond K. Wong 0001,M,2
Raymond Reiter,M,1
Raymond S. T. Lee,M,2
Raymond T. Ng,M,5
Raymond Wan 0001,M,1
Rein van den Boomgaard,M,1
Reinhard Braumandl,M,1
Renaud Bassée,M,1
Rene Quiniou,M,1
Renzo Orsini,M,1
Renée J. Miller,F,2
Reuven Kashi,M,1
Rex Bing Hung Kwok,M,1
Reza Ghaderi,M,1
Reza Sadri,M,1
Ricardo A. Baeza-Yates,M,2
Ricardo Bezerra de Andrade e Silva,M,1
Ricardo Vilalta,M,1
Richard A. Volz,M,1
Richard Alterman,M,1
Richard C. Wilson 0001,M,1
Richard Hull 0001,M,1
Richard I. Hartley,M,1
Richard J. Bolton,M,1
Richard J. Lipton,M,1
Richard Kirkby,M,1
Richard L. Cole,M,1
Richard M. Karp,M,1
Richard Mann,M,1
Richard Nock,M,1
Richard P. Wildes,M,1
Richard R. Muntz,M,1
Richard Relue,M,1
Richard S. Sutton,M,2
Richard Szeliski,M,2
Richard T. Snodgrass,M,2
Richard Washington,M,1
Richard Wheeldon,M,1
Richard Wherry,M,1
Rie Kubota Ando,F,1
Rina Azoulay-Schwartz,F,1
Rita Cucchiara,F,1
Robert A. Amar,M,1
Robert A. Morris 0001,M,1
Robert Baumgartner,M,1
Robert C. Burke,M,1
Robert C. Holte,M,1
Robert Fenk,M,1
Robert J. Gaizauskas,M,1
Robert J. Hilderman,M,1
Robert K. France,M,1
Robert M. Haralick,M,1
Robert P. Biuk-Aghai,M,1
Robert Pless,M,1
Robert Rounthwaite,M,1
Robert Sim,M,1
Robert St. Amant,M,1
Robert Stevens 0001,M,1
Robert T. Collins,M,1
Robert W. Irving,M,1
Roberta Cochrane,F,1
Roberto Basili 0001,M,1
Roberto Cipolla,M,2
Roberto F. Santos Filho,M,1
Roberto J. Bayardo Jr.,M,1
Roberto R. F. Mendes,M,1
Robin D. Morris,M,1
Rod Holland,M,1
Rodney W. Topor,M,1
Rodrigo C. Fonseca,M,1
Roelof van Zwol,M,1
Roger S. Barga,M,1
Roger Weber,M,1
Roger Zimmermann,M,1
Rohan A. Baxter,M,1
Roland Pieringer,M,1
Roland Tusch,M,1
Ron Bekkerman,M,1
Ron Kimmel,M,2
Ron Kohavi,M,1
Ron O. Dror,M,1
Ron Weiss,M,1
Ronald Fagin,M,3
Ronald Parr,M,1
Ronan Fablet,M,1
Ronen Basri,M,2
Ronen Feldman,M,1
Ronen I. Brafman,M,2
Rong Chen,M,1
Rong Jin,M,2
Rong Zhou 0001,M,1
Ronnie Lee,M,1
Ronny Lempel,M,2
Rose Dieng,F,1
Rose Dieng-Kuntz,F,1
Rosemary Emery,F,1
Rosie Jones,F,1
Rosina Weber,F,2
Ross D. King,M,1
Ross J. Micheals,M,1
Ross Wilkinson,M,1
Rossella Molinaro,F,1
Ruben H. Zamar,M,1
Rudolf Bayer,M,1
Rui Camacho,M,1
Rui Yang 0003,M,1
Rune Humborstad,M,1
Russell A. Manning,M,1
Russell Greiner,M,1
Russell J. Kennett,M,1
Ruxandra Domenig,F,1
Ryoji Kataoka,M,1
Ryusuke Sagawa,M,1
Ryutaro Ichise,M,1
Sabrina De Capitani di Vimercati,F,1
Sabrina Recla,F,1
Salem Benferhat,M,1
Salih Burak Göktürk,M,1
Salil Prabhakar,M,1
Sally A. Goldman,F,1
Salvador Ruiz-Correa,M,1
Salvatore J. Stolfo,M,1
Sam Lightstone,M,1
Sam Steingold,M,1
Samuel Kim,M,1
Sanda M. Harabagiu,F,1
Sang Wook Lee,M,1
Sang-Wook Kim,M,2
Sanjay Agrawal 0001,M,1
Sanjay Chawla,M,1
Sanjay Goil,M,1
Sanjeev Khanna,M,2
Santiago Ontañón,M,1
Sara Cohen,F,1
Sarah Farrant,F,1
Sari Lehtola,F,1
Sarit Kraus,F,1
Sasha Blair-Goldensohn,M,1
Satoshi Oyama,M,1
Satoshi Takano,M,1
Scott T. Leutenegger,M,1
Sean Bechhofer,M,2
Sebastian Brandt 0001,M,1
Sebastian Hübner,M,1
Sebastian Magda,M,1
Sebastian Thrun,M,2
Sebastiano Vigna,M,1
Seema Sundara,F,1
Seiichi Koizumi,M,1
Seiji Yamada,M,1
Seiji Yokoji,M,1
Selina Chu,F,1
Serge Abiteboul,M,4
Serge J. Belongie,M,1
Sergei A. Obiedkov,M,1
Sergei O. Kuznetsov,M,1
Sergey Ioffe,M,1
Sergey Melnik 0001,M,1
Sergio Flesca,M,1
Seth J. Teller,M,2
Seth Rogers,M,1
Setsuko Oka,F,1
Seung Chung,M,1
Shahram Ghandeharizadeh,M,1
Shalom Tsur,M,1
Sharad Mehrotra,M,2
Sharon McDonald,F,1
Shashi Shekhar,F,1
Shawn Bowers,M,1
Shawn M. Briglin,M,1
Sheila A. McIlraith,F,1
Sheng Ma,M,2
Shi-Min Hu 0001,M,1
Shigenobu Kobayashi,M,1
Shigeo Matsubara,M,1
Shin'ichi Satoh,M,1
Shinichi Honiden,M,1
Shlomo Zilberstein,M,1
Shmuel Peleg,M,1
Shoji Hirano,M,2
Shu Chen,M,1
Shu Lin 0004,M,1
Shu-Yao Chien,M,1
Shunsuke Kamijo,M,1
Shunsuke Uemura,M,2
Shusaku Tsumoto,M,2
Siegfried Nijssen,M,1
Silja Renooij,F,1
Silvana Castano,F,1
Silvia Coradeschi,F,1
Silvio Savarese,M,1
Simeon J. Simoff,M,1
Simon Baker,M,1
Simon Buckingham Shum,M,1
Simon D. Byers,M,1
Simon Parsons,M,1
Simon So,M,1
Simon Tong,M,1
Slobodan Vucetic,M,1
Sofus A. Macskassy,M,2
Solomon Eyal Shimony,M,1
Song Wang,M,1
Sophie Cluet,F,2
Soumen Chakrabarti,M,1
Spiros Papadimitriou,M,2
Srinivasa G. Narasimhan,M,1
Stan Sclaroff,M,2
Stan Z. Li,M,3
Stanley B. Zdonik,M,2
Stavros Papastavrou,M,1
Stefan Berchtold,M,1
Stefan Decker,M,1
Stefan Edlund,M,1
Stefan Fischer 0003,M,1
Stefan Holland,M,1
Stefan Kramer 0001,M,2
Stefan Schrödl,M,1
Stefan Wermter,M,1
Stefan Wrobel,M,1
Stefano Ceri,M,1
Stefano De Francisci,M,1
Stefano Ferilli,M,1
Stefano Paraboschi,M,2
Stefano Rizzi,M,1
Stefano Soatto,M,2
Steffen Staab,M,2
Stelios C. Orphanoudakis,M,1
Stella X. Yu,F,1
Stephan Börzsönyi,M,1
Stephan Heuel,M,1
Stephen Dill,M,1
Stephen E. Levinson,M,1
Stephen E. Robertson,M,2
Steve Gallant,M,1
Steve Kirsch,M,1
Steve Lawrence,M,2
Steve Mann,M,1
Steven C. Hsu,M,2
Steven Eschrich,M,1
Steven Katz,M,1
Steven M. Seitz,M,1
Steven Minton,M,1
Steven Mitchell,M,1
Steven Noel,M,1
Steven W. Zucker,M,3
Stuart C. Schwartz,M,1
Stuart J. Russell,M,1
Stéphane Bressan,M,2
Stéphane Cardon,M,1
Stéphane Lallich,M,1
Subhash Suri,M,2
Subrata Rakshit,M,1
Sudarshan S. Chawathe,M,1
Suhail Ansari,M,1
Sun Kim,M,1
Sunil Choenni,M,1
Sunita Sarawagi,F,1
Susan B. Davidson,F,1
Susan Craw,F,1
Susan T. Dumais,F,3
Sushil Jajodia,M,1
Svein Erik Bratsberg,M,1
Sven J. Dickinson,M,2
Svetlana Lazebnik,F,1
Symeon Retalis,M,1
Szymon Jaroszewicz,M,1
Tad Hogg,M,1
Tadashi Nomoto,M,1
Tai Sing Lee,M,1
Takashi Hattori,M,1
Takashi Kokubo,M,1
Takashi Washio,M,2
Takayoshi Shoudai,M,1
Takayuki Ito,M,1
Takayuki Okatani,M,1
Takayuki Tamura,M,1
Takeo Kanade,M,3
Takuya Wada,M,1
Tali Yatzkar-Haham,F,1
Tamer Nadeem,M,1
Tania Cillo,F,1
Tao Wang,M,1
Tapio Elomaa,M,2
Tatiana Semenova,F,1
Tatsuya Hagino,M,2
Teresa Mah,F,1
Terrance E. Boult,M,1
Terrance L. Huntsberger,M,1
Terry Windeatt,M,1
Tetsuhiro Miyahara,M,1
Tetsuya Ishikawa,M,1
Tetsuya Sakai,M,2
Theo Gevers,M,1
Theo Härder,M,1
Theodora Tsikrika,F,1
Theodore J. Perkins,M,1
Theodore Johnson,M,1
Thierry Vidal,M,1
Thomas A. Henzinger,M,1
Thomas Baby,M,1
Thomas Deschamps,M,1
Thomas E. Moore,M,1
Thomas Eiter,M,3
Thomas F. El-Maraghi,M,1
Thomas G. Dietterich,M,1
Thomas Gärtner 0001,M,1
Thomas Hofmann,M,1
Thomas K. Leung,M,1
Thomas Lukasiewicz,M,1
Thomas Melluish,M,2
Thomas Polacsek,M,1
Thomas R. Ioerger,M,1
Thomas R. Lynam,M,1
Thomas Rölleke,M,1
Thomas S. Huang,M,5
Thomas Schwentick,M,1
Thomas Seidl 0001,M,1
Thomas Serre,M,1
Thomas Stöhr,M,1
Thomas Vögele,M,1
Thomas Wittig,M,1
Thomas Zurek,M,1
Thomas Zöller,M,1
Thorsten Ehm,M,1
Thorsten Joachims,M,1
Tim Gollins,M,1
Tim J. Brailsford,M,1
Tim Travers,M,1
Timo Järvinen,M,1
Timo Kinnunen,M,1
Timothy Chorma,M,1
Timothy F. Cootes,M,1
Timothy Hancock,M,1
Timothy J. Peugniez,M,1
Timothy Malkemus,M,1
Tina Eliassi-Rad,F,1
Tiziana Catarci,F,1
Tobias Scheffer,M,1
Tobias Schäfer,M,1
Toby Walsh,M,1
Todd C. Mowry,M,1
Todd Ward,M,1
Tolga Urhan,M,2
Tom Chiu,M,1
Tom Drummond,M,1
Tom M. Mitchell,M,1
Tomaso A. Poggio,M,1
Tomi Silander,M,1
Tomohiro Okuzaki,M,1
Tomoyuki Uchida,M,1
Tomás Pajdla,M,1
Tong Zhang 0001,M,1
Torben Bach Pedersen,M,1
Torsten Grabs,M,1
Toru Ishida 0001,M,1
Toshiro Kubota,M,1
Tova Milo,F,1
Travis Bauer,M,1
Trevor Darrell,M,1
Trevor J. M. Bench-Capon,M,1
Trevor Jim,M,1
Trong Dung Nguyen,M,1
Tu Bao Ho,F,1
Tucker R. Balch,M,1
Tuomas Sandholm,M,2
Ubbo Visser,M,1
Udo Grimmer,M,1
Ulrike Sattler,F,1
Uma Mahadevan,F,1
Umberto Castellani,M,1
Umberto Ferraro Petrillo,M,1
Un Yong Nahm,M,1
Urszula Chajewska,F,1
Usama M. Fayyad,M,3
Uwe Quasthoff,M,1
Uwe Röhm,M,1
Uygar Özesmi,M,1
Vadim N. Smelyansky,M,1
Valentina A. M. Tamma,F,1
Valerie Guralnik,F,1
Valery A. Petrushin,M,1
Valter Crescenzi,M,1
Vasilis Vassalos,M,2
Vasundhara Puttagunta,F,1
Vesa Ollikainen,F,1
Victor Kulesh,M,1
Victor Medina-Chico,M,1
Victor Vianu,M,2
Vidya Prabakarmurthi,F,1
Vijay S. Iyengar,M,1
Vijay V. Raghavan 0001,M,1
Vikas Khandelwal,M,1
Vikas Sindhwani,M,1
Viktoriya Sokolova,F,1
Vili Jussila,M,1
Ville Ollikainen,M,1
Vinay Srihari,M,1
Vincent Aguilera,M,1
Vincent Camion,M,1
Vincent Oria,M,1
Vineet Gupta 0001,M,1
Vinod Anupam,M,1
Vipul Kashyap,M,1
Vittorio Ferrari,M,1
Vittorio Murino,M,2
Vittorio Scarano,M,1
Vivek Kwatra,M,1
Vivek R. Narasayya,M,2
Vivek Tawde,M,1
Vladik Kreinovich,M,1
Vladimir Estivill-Castro,M,2
Vladimir Kolmogorov,M,1
Volker Haarslev,M,1
Volker Markl,M,2
Volker Roth 0001,M,1
Volodya Vovk,M,1
Véronique Ventos,F,1
Wagner Meira Jr.,M,1
Wai Gen Yee,M,1
Walid G. Aref,M,1
Walter A. Kosters,M,1
Wang Chiew Tan,M,2
Wang Ying,M,1
Wataru Okada,M,2
Wei Chu,M,1
Wei Fan 0001,M,1
Wei Li,M,1
Wei Wang 0010,M,3
Wei Zhang,M,1
Wei-Cheng Lai,M,1
Wei-Jing Zhu,M,1
Wei-Min Shen,M,1
Wei-Ying Ma,M,1
Wen Jin,M,2
Wen Niu,M,1
Wen-Chi Hou,M,1
Wendy Hall,F,1
Wenke Lee,F,1
Werner Kießling,M,1
Werner Nutt,M,1
Wesley W. Chu,M,3
Will Portnoy,M,1
Willem Jonker,M,1
William A. Barrett,M,3
William DuMouchel,M,1
William E. Walsh,M,1
William J. McKenna,M,1
William M. Wells III,M,2
William O'Connell,M,1
William P. Jones,M,1
William R. Hersh,M,1
William Stafford Noble,M,1
William Wei Song,M,1
Wilson Chan,M,1
Wim Mooij,M,1
Win Bausch,M,1
Witold Lukaszewicz,M,1
Wojciech Kasprzak,M,1
Wolfgang Faber 0001,M,1
Wolfgang Förstner,M,1
Wolfgang Gaul,M,1
Wolfgang Heuser,M,1
Wolfgang Lehner,M,1
Wolfgang Macherey,M,1
Wolfram Burgard,M,2
Wynne Hsu,F,2
Xavier Llorà,M,1
Xenofon D. Koutsoukos,M,1
Xiang Sean Zhou,M,1
Xiao Han 0007,M,1
Xiao Mang Shou,M,1
Xin Wang 0010,M,1
Xin Zhang 0002,M,2
XinWen Hou,M,2
Xu Liang,M,1
Yaakov Tsaig,M,1
Yair Liberzon,M,1
Yakov Keselman,M,1
Yang Dai,M,1
Yang Song,M,1
Yaniv Gal,M,1
Yannis Kalfoglou,M,2
Yannis Kotidis,M,1
Yannis Manolopoulos,M,2
Yannis Papakonstantinou,M,3
Yannis Theodoridis,M,1
Yao Liang,M,1
Yao Wang,M,1
Yaron Kanza,M,1
Yasuhiko Kitamura,M,1
Yasuhiro Katayama,M,1
Yasuhiro Omori,M,1
Yasushi Sakurai,M,1
Yasuyuki Hirakawa,M,1
Ye Fan,M,1
Ye Zhang,M,1
Yehezkel Yeshurun,M,1
Yehoshua Sagiv,M,2
Yehoshua Y. Zeevi,M,1
Yehuda Koren,M,1
Yevgeny Seldin,M,1
Yi Ma 0001,M,1
Yi Shang,M,1
Yi Zhang 0001,M,1
Ying Guang Li,M,1
Ying Hu,M,1
Ying Li,M,1
Ying Lu,M,1
Ying Nian Wu,M,1
Ying Sai,M,1
Ying Wu 0001,M,1
Ying Yang 0001,M,1
Ying Zhu,M,1
Yoad Winter,M,1
Yoav Shoham,M,1
Yoav Y. Schechner,M,1
Yoichi Sato,M,1
Yonatan Aumann,M,1
Yonatan Schler,M,1
Yong Rui,M,2
Yong Yu 0006,M,1
Yoram Baram,M,1
Yorick Wilks,M,2
Yossi Matias,M,1
Youcef Mezouar,M,1
Young-Suk Lee,F,1
Yu He,M,2
Yu Yin,M,1
Yuan Jiang 0001,M,1
Yue Cao,M,1
Yuji Matsumoto 0001,M,1
Yuji Niwa,M,1
Yukio Ohsawa,M,2
Yuko Sakurai,F,1
Yuri A. Ivanov,M,1
Yuri Boykov,M,1
Yusuf Akca,M,2
Yutaka Hata,M,1
Yutaka Sasaki,M,1
Yves Bérubé Lauzière,M,1
Yves Deville,M,1
Zach Solan,M,1
Zachary Bodnar,M,1
Zachary G. Ives,M,1
Zhen-Yu Yang,M,1
Zheng Chen 0001,M,1
Zhi-Hua Zhou,M,1
Zhu Zhang,M,1
Zohreh Nazeri,F,1
Zoran Despotovic,M,1
Zoran Obradovic,M,3
Zoé Lacroix,F,1
Zvika Marx,M,1
Óscar Corcho,M,1
